"Date","Close"
"01/04/10",10.58396
"01/05/10",10.57202
"01/06/10",10.57368
"01/07/10",10.60686
"01/08/10",10.61819
"01/11/10",10.66399
"01/12/10",10.62726
"01/13/10",10.68077
"01/14/10",10.71055
"01/15/10",10.60965
"01/19/10",10.72543
"01/20/10",10.60315
"01/21/10",10.38988
"01/22/10",10.17298
"01/25/10",10.19686
"01/26/10",10.19429
"01/27/10",10.23616
"01/28/10",10.12046
"01/29/10",10.06733
"02/01/10",10.18553
"02/02/10",10.29685
"02/03/10",10.27055
"02/04/10",10.00218
"02/05/10",10.01223
"02/08/10",9.90839
"02/09/10",10.05864
"02/10/10",10.03838
"02/11/10",10.14419
"02/12/10",10.09914
"02/16/10",10.26881
"02/17/10",10.30924
"02/18/10",10.3929
"02/19/10",10.40235
"02/22/10",10.38338
"02/23/10",10.28241
"02/24/10",10.37416
"02/25/10",10.32103
"02/26/10",10.32526
"03/01/10",10.40379
"03/02/10",10.40598
"03/03/10",10.39676
"03/04/10",10.44414
"03/05/10",10.5662
"03/08/10",10.55252
"03/09/10",10.56438
"03/10/10",10.56733
"03/11/10",10.61184
"03/12/10",10.62469
"03/15/10",10.64215
"03/16/10",10.68598
"03/17/10",10.73367
"03/18/10",10.77917
"03/19/10",10.74198
"03/22/10",10.78589
"03/23/10",10.88883
"03/24/10",10.83615
"03/25/10",10.84121
"03/26/10",10.85036
"03/29/10",10.89586
"03/30/10",10.90742
"03/31/10",10.85663
"04/01/10",10.92707
"04/05/10",10.97355
"04/06/10",10.96999
"04/07/10",10.89752
"04/08/10",10.92707
"04/09/10",10.99735
"04/12/10",11.00597
"04/13/10",11.01942
"04/14/10",11.12311
"04/15/10",11.14457
"04/16/10",11.01866
"04/19/10",11.09205
"04/20/10",11.11706
"04/21/10",11.12492
"04/22/10",11.13429
"04/23/10",11.20428
"04/26/10",11.20503
"04/27/10",10.99199
"04/28/10",11.04527
"04/29/10",11.16732
"04/30/10",11.00861
"05/03/10",11.15183
"05/04/10",10.92677
"05/05/10",10.86812
"05/06/10",10.52032
"05/07/10",10.38043
"05/10/10",10.78514
"05/11/10",10.74826
"05/12/10",10.89691
"05/13/10",10.78295
"05/14/10",10.62016
"05/17/10",10.62583
"05/18/10",10.51095
"05/19/10",10.44437
"05/20/10",10.06801
"05/21/10",10.19339
"05/24/10",10.06657
"05/25/10",10.04375
"05/26/10",9.97445
"05/27/10",10.25899
"05/28/10",10.13663
"06/01/10",10.02402
"06/02/10",10.24954
"06/03/10",10.25528
"06/04/10",9.93197
"06/07/10",9.81649
"06/08/10",9.93998
"06/09/10",9.89925
"06/10/10",10.17253
"06/11/10",10.21107
"06/14/10",10.19089
"06/15/10",10.40477
"06/16/10",10.40946
"06/17/10",10.43417
"06/18/10",10.45064
"06/21/10",10.44241
"06/22/10",10.29352
"06/23/10",10.29844
"06/24/10",10.1528
"06/25/10",10.14381
"06/28/10",10.13852
"06/29/10",9.8703
"06/30/10",9.77402
"07/01/10",9.73253
"07/02/10",9.68648
"07/06/10",9.74362
"07/07/10",10.01828
"07/08/10",10.13899
"07/09/10",10.19803
"07/12/10",10.21627
"07/13/10",10.36302
"07/14/10",10.36672
"07/15/10",10.35931
"07/16/10",10.0979
"07/19/10",10.15443
"07/20/10",10.22996
"07/21/10",10.12053
"07/22/10",10.3223
"07/23/10",10.42462
"07/26/10",10.52543
"07/27/10",10.53769
"07/28/10",10.49788
"07/29/10",10.46716
"07/30/10",10.46594
"08/02/10",10.67438
"08/03/10",10.63638
"08/04/10",10.68043
"08/05/10",10.67498
"08/06/10",10.65356
"08/09/10",10.69875
"08/10/10",10.64425
"08/11/10",10.37883
"08/12/10",10.31995
"08/13/10",10.30315
"08/16/10",10.30201
"08/17/10",10.40585
"08/18/10",10.41554
"08/19/10",10.27121
"08/20/10",10.21362
"08/23/10",10.17441
"08/24/10",10.04045
"08/25/10",10.06006
"08/26/10",9.98581
"08/27/10",10.15065
"08/30/10",10.00973
"08/31/10",10.01472
"09/01/10",10.26947
"09/02/10",10.3201
"09/03/10",10.44793
"09/07/10",10.34069
"09/08/10",10.38701
"09/09/10",10.41524
"09/10/10",10.46277
"09/13/10",10.54413
"09/14/10",10.52649
"09/15/10",10.57273
"09/16/10",10.59483
"09/17/10",10.60785
"09/20/10",10.75362
"09/21/10",10.76103
"09/22/10",10.73931
"09/23/10",10.66242
"09/24/10",10.86026
"09/27/10",10.81204
"09/28/10",10.85814
"09/29/10",10.83528
"09/30/10",10.78805
"10/01/10",10.82968
"10/04/10",10.75127
"10/05/10",10.94472
"10/06/10",10.96765
"10/07/10",10.94858
"10/08/10",11.00648
"10/11/10",11.01034
"10/12/10",11.0204
"10/13/10",11.09608
"10/14/10",11.09457
"10/15/10",11.06278
"10/18/10",11.14369
"10/19/10",10.97862
"10/20/10",11.10797
"10/21/10",11.14657
"10/22/10",11.13256
"10/25/10",11.16405
"10/26/10",11.16946
"10/27/10",11.12628
"10/28/10",11.11395
"10/29/10",11.11849
"11/01/10",11.12462
"11/02/10",11.18872
"11/03/10",11.21513
"11/04/10",11.43484
"11/05/10",11.44408
"11/08/10",11.40684
"11/09/10",11.34675
"11/10/10",11.35704
"11/11/10",11.2831
"11/12/10",11.19258
"11/15/10",11.20197
"11/16/10",11.0235
"11/17/10",11.00788
"11/18/10",11.18123
"11/19/10",11.20355
"11/22/10",11.17858
"11/23/10",11.03637
"11/24/10",11.18728
"11/26/10",11.092
"11/29/10",11.05249
"11/30/10",11.00602
"12/01/10",11.25578
"12/02/10",11.36241
"12/03/10",11.38209
"12/06/10",11.36219
"12/07/10",11.35916
"12/08/10",11.37248
"12/09/10",11.37006
"12/10/10",11.41032
"12/13/10",11.42856
"12/14/10",11.47654
"12/15/10",11.45747
"12/16/10",11.49925
"12/17/10",11.49191
"12/20/10",11.47813
"12/21/10",11.53316
"12/22/10",11.55949
"12/23/10",11.57349
"12/27/10",11.55503
"12/28/10",11.57554
"12/29/10",11.58538
"12/30/10",11.56971
"12/31/10",11.57751
"01/03/11",11.67075
"01/04/11",11.69118
"01/05/11",11.72289
"01/06/11",11.69731
"01/07/11",11.67476
"01/10/11",11.63745
"01/11/11",11.67188
"01/12/11",11.75544
"01/13/11",11.7319
"01/14/11",11.78738
"01/18/11",11.83793
"01/19/11",11.82529
"01/20/11",11.8228
"01/21/11",11.87184
"01/24/11",11.98052
"01/25/11",11.97719
"01/26/11",11.98544
"01/27/11",11.98983
"01/28/11",11.8237
"01/31/11",11.89193
"02/01/11",12.04016
"02/02/11",12.04197
"02/03/11",12.06226
"02/04/11",12.09215
"02/07/11",12.16163
"02/08/11",12.23315
"02/09/11",12.23989
"02/10/11",12.22929
"02/11/11",12.27326
"02/14/11",12.26819
"02/15/11",12.22664
"02/16/11",12.28817
"02/17/11",12.31814
"02/18/11",12.39125
"02/22/11",12.21279
"02/23/11",12.10578
"02/24/11",12.0685
"02/25/11",12.13045
"02/28/11",12.22634
"03/01/11",12.05802
"03/02/11",12.0668
"03/03/11",12.2582
"03/04/11",12.16988
"03/07/11",12.09003
"03/08/11",12.21438
"03/09/11",12.21309
"03/10/11",11.98461
"03/11/11",12.0444
"03/14/11",11.99316
"03/15/11",11.85542
"03/16/11",11.6133
"03/17/11",11.77459
"03/18/11",11.85852
"03/21/11",12.03653
"03/22/11",12.01863
"03/23/11",12.08602
"03/24/11",12.17056
"03/25/11",12.22059
"03/28/11",12.19788
"03/29/11",12.27901
"03/30/11",12.35061
"03/31/11",12.31973
"04/01/11",12.37672
"04/04/11",12.40003
"04/05/11",12.3939
"04/06/11",12.42675
"04/07/11",12.40949
"04/08/11",12.38005
"04/11/11",12.38111
"04/12/11",12.26358
"04/13/11",12.27099
"04/14/11",12.28515
"04/15/11",12.34183
"04/18/11",12.20159
"04/19/11",12.26675
"04/20/11",12.45354
"04/21/11",12.50599
"04/25/11",12.47988
"04/26/11",12.59537
"04/27/11",12.69096
"04/28/11",12.76331
"04/29/11",12.81054
"05/02/11",12.80736
"05/03/11",12.80751
"05/04/11",12.72358
"05/05/11",12.58417
"05/06/11",12.63874
"05/09/11",12.68468
"05/10/11",12.76036
"05/11/11",12.63003
"05/12/11",12.69592
"05/13/11",12.59575
"05/16/11",12.54837
"05/17/11",12.47958
"05/18/11",12.56018
"05/19/11",12.60532
"05/20/11",12.51204
"05/23/11",12.38126
"05/24/11",12.35621
"05/25/11",12.39466
"05/26/11",12.40276
"05/27/11",12.44158
"05/31/11",12.56979
"06/01/11",12.29014
"06/02/11",12.24855
"06/03/11",12.15126
"06/06/11",12.08996
"06/07/11",12.07081
"06/08/11",12.04894
"06/09/11",12.12436
"06/10/11",11.95191
"06/13/11",11.95297
"06/14/11",12.07611
"06/15/11",11.89727
"06/16/11",11.96152
"06/17/11",12.00436
"06/20/11",12.08038
"06/21/11",12.19001
"06/22/11",12.10967
"06/23/11",12.05
"06/24/11",11.93458
"06/27/11",12.04356
"06/28/11",12.18869
"06/29/11",12.26142
"06/30/11",12.41434
"07/01/11",12.58277
"07/05/11",12.56987
"07/06/11",12.62602
"07/07/11",12.71949
"07/08/11",12.6572
"07/11/11",12.50576
"07/12/11",12.44688
"07/13/11",12.49161
"07/14/11",12.43712
"07/15/11",12.47973
"07/18/11",12.38516
"07/19/11",12.58742
"07/20/11",12.57191
"07/21/11",12.72441
"07/22/11",12.68116
"07/25/11",12.5928
"07/26/11",12.5013
"07/27/11",12.30255
"07/28/11",12.24011
"07/29/11",12.14324
"08/01/11",12.13249
"08/02/11",11.86662
"08/03/11",11.89644
"08/04/11",11.38368
"08/05/11",11.44461
"08/08/11",10.80985
"08/09/11",11.23977
"08/10/11",10.71994
"08/11/11",11.14331
"08/12/11",11.26902
"08/15/11",11.4829
"08/16/11",11.40593
"08/17/11",11.41021
"08/18/11",10.99058
"08/19/11",10.81765
"08/22/11",10.85465
"08/23/11",11.17676
"08/24/11",11.32071
"08/25/11",11.14982
"08/26/11",11.28454
"08/29/11",11.53925
"08/30/11",11.55995
"08/31/11",11.61353
"09/01/11",11.49357
"09/02/11",11.24026
"09/06/11",11.1393
"09/07/11",11.41486
"09/08/11",11.29581
"09/09/11",10.99213
"09/12/11",11.06112
"09/13/11",11.10585
"09/14/11",11.24673
"09/15/11",11.43318
"09/16/11",11.50909
"09/19/11",11.40101
"09/20/11",11.40866
"09/21/11",11.12484
"09/22/11",10.73383
"09/23/11",10.77148
"09/26/11",11.04386
"09/27/11",11.19069
"09/28/11",11.0109
"09/29/11",11.15398
"09/30/11",10.91338
"10/03/11",10.6553
"10/04/11",10.80871
"10/05/11",10.93995
"10/06/11",11.12333
"10/07/11",11.10312
"10/10/11",11.43318
"10/11/11",11.4163
"10/12/11",11.51885
"10/13/11",11.47813
"10/14/11",11.64449
"10/17/11",11.397
"10/18/11",11.57705
"10/19/11",11.50462
"10/20/11",11.54178
"10/21/11",11.80879
"10/24/11",11.91362
"10/25/11",11.70662
"10/26/11",11.86904
"10/27/11",12.20855
"10/28/11",12.23111
"10/31/11",11.95501
"11/01/11",11.65796
"11/02/11",11.83604
"11/03/11",12.04447
"11/04/11",11.98324
"11/07/11",12.06839
"11/08/11",12.17018
"11/09/11",11.78094
"11/10/11",11.89379
"11/11/11",12.15368
"11/14/11",12.07898
"11/15/11",12.09616
"11/16/11",11.90559
"11/17/11",11.77073
"11/18/11",11.79616
"11/21/11",11.54731
"11/22/11",11.49372
"11/23/11",11.25755
"11/25/11",11.23178
"11/28/11",11.52301
"11/29/11",11.55563
"11/30/11",12.04568
"12/01/11",12.02003
"12/02/11",12.01942
"12/05/11",12.09783
"12/06/11",12.15013
"12/07/11",12.19637
"12/08/11",11.9977
"12/09/11",12.18426
"12/12/11",12.02139
"12/13/11",11.95494
"12/14/11",11.82348
"12/15/11",11.86881
"12/16/11",11.86639
"12/19/11",11.76626
"12/20/11",12.10358
"12/21/11",12.10774
"12/22/11",12.16965
"12/23/11",12.294
"12/27/11",12.29135
"12/28/11",12.15141
"12/29/11",12.28704
"12/30/11",12.21756
"01/03/12",12.39738
"01/04/12",12.41842
"01/05/12",12.4157
"01/06/12",12.35992
"01/09/12",12.39269
"01/10/12",12.46247
"01/11/12",12.44945
"01/12/12",12.47102
"01/13/12",12.42206
"01/17/12",12.48207
"01/18/12",12.57895
"01/19/12",12.62398
"01/20/12",12.72048
"01/23/12",12.70882
"01/24/12",12.67575
"01/25/12",12.75696
"01/26/12",12.73463
"01/27/12",12.66046
"01/30/12",12.65372
"01/31/12",12.63291
"02/01/12",12.71646
"02/02/12",12.70541
"02/03/12",12.86223
"02/06/12",12.84513
"02/07/12",12.8782
"02/08/12",12.88395
"02/09/12",12.89046
"02/10/12",12.80123
"02/13/12",12.87404
"02/14/12",12.87828
"02/15/12",12.78095
"02/16/12",12.90408
"02/17/12",12.94987
"02/21/12",12.96569
"02/22/12",12.93867
"02/23/12",12.98469
"02/24/12",12.98295
"02/27/12",12.98151
"02/28/12",13.00512
"02/29/12",12.95207
"03/01/12",12.9803
"03/02/12",12.97757
"03/05/12",12.96281
"03/06/12",12.75915
"03/07/12",12.83733
"03/08/12",12.90794
"03/09/12",12.92202
"03/12/12",12.95971
"03/13/12",13.17768
"03/14/12",13.1941
"03/15/12",13.25276
"03/16/12",13.23262
"03/19/12",13.23913
"03/20/12",13.17019
"03/21/12",13.12462
"03/22/12",13.04614
"03/23/12",13.08073
"03/26/12",13.24163
"03/27/12",13.19773
"03/28/12",13.12621
"03/29/12",13.14582
"03/30/12",13.21204
"04/02/12",13.26449
"04/03/12",13.19955
"04/04/12",13.07475
"04/05/12",13.06014
"04/09/12",12.92959
"04/10/12",12.71593
"04/11/12",12.80539
"04/12/12",12.98658
"04/13/12",12.84959
"04/16/12",12.92141
"04/17/12",13.11554
"04/18/12",13.03275
"04/19/12",12.9641
"04/20/12",13.02926
"04/23/12",12.92717
"04/24/12",13.00156
"04/25/12",13.09072
"04/26/12",13.20462
"04/27/12",13.22831
"04/30/12",13.21363
"05/01/12",13.27932
"05/02/12",13.26857
"05/03/12",13.20659
"05/04/12",13.03827
"05/07/12",13.00853
"05/08/12",12.93209
"05/09/12",12.83506
"05/10/12",12.85504
"05/11/12",12.8206
"05/14/12",12.69535
"05/15/12",12.632
"05/16/12",12.59855
"05/17/12",12.44249
"05/18/12",12.36938
"05/21/12",12.50448
"05/22/12",12.50281
"05/23/12",12.49615
"05/24/12",12.52975
"05/25/12",12.45483
"05/29/12",12.58069
"05/30/12",12.41986
"05/31/12",12.39345
"06/01/12",12.11857
"06/04/12",12.10146
"06/05/12",12.12795
"06/06/12",12.41479
"06/07/12",12.46096
"06/08/12",12.5542
"06/11/12",12.41123
"06/12/12",12.5738
"06/13/12",12.49638
"06/14/12",12.65191
"06/15/12",12.76717
"06/18/12",12.74182
"06/19/12",12.83733
"06/20/12",12.82439
"06/21/12",12.57357
"06/22/12",12.64078
"06/25/12",12.50266
"06/26/12",12.53467
"06/27/12",12.62701
"06/28/12",12.60226
"06/29/12",12.88009
"07/02/12",12.87139
"07/03/12",12.94382
"07/05/12",12.89667
"07/06/12",12.77247
"07/09/12",12.73629
"07/10/12",12.65312
"07/11/12",12.60453
"07/12/12",12.57327
"07/13/12",12.77709
"07/16/12",12.72721
"07/17/12",12.80554
"07/18/12",12.9087
"07/19/12",12.94336
"07/20/12",12.82257
"07/23/12",12.72146
"07/24/12",12.61732
"07/25/12",12.67605
"07/26/12",12.88793
"07/27/12",13.07566
"07/30/12",13.07301
"07/31/12",13.00868
"08/01/12",12.97106
"08/02/12",12.87888
"08/03/12",13.09617
"08/06/12",13.11751
"08/07/12",13.1686
"08/08/12",13.17564
"08/09/12",13.16519
"08/10/12",13.20795
"08/13/12",13.16943
"08/14/12",13.17214
"08/15/12",13.16478
"08/16/12",13.25011
"08/17/12",13.2752
"08/20/12",13.27164
"08/21/12",13.20358
"08/22/12",13.17276
"08/23/12",13.05746
"08/24/12",13.15797
"08/27/12",13.12467
"08/28/12",13.10299
"08/29/12",13.10748
"08/30/12",13.00071
"08/31/12",13.09084
"09/04/12",13.03594
"09/05/12",13.04748
"09/06/12",13.292
"09/07/12",13.30664
"09/10/12",13.25429
"09/11/12",13.32336
"09/12/12",13.33335
"09/13/12",13.53986
"09/14/12",13.59337
"09/17/12",13.5531
"09/18/12",13.56464
"09/19/12",13.57796
"09/20/12",13.59693
"09/21/12",13.57947
"09/24/12",13.55892
"09/25/12",13.45755
"09/26/12",13.41351
"09/27/12",13.48597
"09/28/12",13.43713
"10/01/12",13.51511
"10/02/12",13.48236
"10/03/12",13.49461
"10/04/12",13.57536
"10/05/12",13.61015
"10/08/12",13.58365
"10/09/12",13.47353
"10/10/12",13.34497
"10/11/12",13.32639
"10/12/12",13.32885
"10/15/12",13.42423
"10/16/12",13.55178
"10/17/12",13.557
"10/18/12",13.54894
"10/19/12",13.34351
"10/22/12",13.34589
"10/23/12",13.10253
"10/24/12",13.07734
"10/25/12",13.10368
"10/26/12",13.10721
"10/31/12",13.09646
"11/01/12",13.23262
"11/02/12",13.09316
"11/05/12",13.11244
"11/06/12",13.24568
"11/07/12",12.93273
"11/08/12",12.81132
"11/09/12",12.81539
"11/12/12",12.81508
"11/13/12",12.75618
"11/14/12",12.57095
"11/15/12",12.54238
"11/16/12",12.58831
"11/19/12",12.79596
"11/20/12",12.78851
"11/21/12",12.83689
"11/23/12",13.00968
"11/26/12",12.96737
"11/27/12",12.87813
"11/28/12",12.98511
"11/29/12",13.02182
"11/30/12",13.02558
"12/03/12",12.9656
"12/04/12",12.95178
"12/05/12",13.03449
"12/06/12",13.07404
"12/07/12",13.15513
"12/10/12",13.16988
"12/11/12",13.24844
"12/12/12",13.24545
"12/13/12",13.17072
"12/14/12",13.13501
"12/17/12",13.23539
"12/18/12",13.35096
"12/19/12",13.25197
"12/20/12",13.31172
"12/21/12",13.19084
"12/24/12",13.13908
"12/26/12",13.11459
"12/27/12",13.09631
"12/28/12",12.93811
"12/31/12",13.10414
"01/02/13",13.41255
"01/03/13",13.39136
"01/04/13",13.43521
"01/07/13",13.38429
"01/08/13",13.32885
"01/09/13",13.39051
"01/10/13",13.47122
"01/11/13",13.48843
"01/14/13",13.50732
"01/15/13",13.53489
"01/16/13",13.51123
"01/17/13",13.59602
"01/18/13",13.6497
"01/22/13",13.71221
"01/23/13",13.77933
"01/24/13",13.82533
"01/25/13",13.89598
"01/28/13",13.88193
"01/29/13",13.95442
"01/30/13",13.91042
"01/31/13",13.86058
"02/01/13",14.00979
"02/04/13",13.88008
"02/05/13",13.9793
"02/06/13",13.98652
"02/07/13",13.94405
"02/08/13",13.99297
"02/11/13",13.97124
"02/12/13",14.0187
"02/13/13",13.98291
"02/14/13",13.97339
"02/15/13",13.98176
"02/19/13",14.03567
"02/20/13",13.92754
"02/21/13",13.88062
"02/22/13",14.00057
"02/25/13",13.78417
"02/26/13",13.90013
"02/27/13",14.07537
"02/28/13",14.05449
"03/01/13",14.08966
"03/04/13",14.12782
"03/05/13",14.25377
"03/06/13",14.29624
"03/07/13",14.32949
"03/08/13",14.39707
"03/11/13",14.44729
"03/12/13",14.45006
"03/13/13",14.45528
"03/14/13",14.53914
"03/15/13",14.51411
"03/18/13",14.45206
"03/19/13",14.45582
"03/20/13",14.51173
"03/21/13",14.42149
"03/22/13",14.51203
"03/25/13",14.44775
"03/26/13",14.55965
"03/27/13",14.52616
"03/28/13",14.57854
"04/01/13",14.57285
"04/02/13",14.66201
"04/03/13",14.55035
"04/04/13",14.60611
"04/05/13",14.56525
"04/08/13",14.61348
"04/09/13",14.67346
"04/10/13",14.80224
"04/11/13",14.86514
"04/12/13",14.86506
"04/15/13",14.5992
"04/16/13",14.75678
"04/17/13",14.61859
"04/18/13",14.53714
"04/19/13",14.54751
"04/22/13",14.56717
"04/23/13",14.71946
"04/24/13",14.6763
"04/25/13",14.7008
"04/26/13",14.71255
"04/29/13",14.81875
"04/30/13",14.8398
"05/01/13",14.70095
"05/02/13",14.83158
"05/03/13",14.97396
"05/06/13",14.96889
"05/07/13",15.0562
"05/08/13",15.10512
"05/09/13",15.08262
"05/10/13",15.11849
"05/13/13",15.09168
"05/14/13",15.21525
"05/15/13",15.27569
"05/16/13",15.23322
"05/17/13",15.3544
"05/20/13",15.33528
"05/21/13",15.38758
"05/22/13",15.30717
"05/23/13",15.2945
"05/24/13",15.3031
"05/28/13",15.40939
"05/29/13",15.3028
"05/30/13",15.32453
"05/31/13",15.11557
"06/03/13",15.25403
"06/04/13",15.17754
"06/05/13",14.96059
"06/06/13",15.04062
"06/07/13",15.24812
"06/10/13",15.23859
"06/11/13",15.12202
"06/12/13",14.99523
"06/13/13",15.17608
"06/14/13",15.07018
"06/17/13",15.17985
"06/18/13",15.31823
"06/19/13",15.11219
"06/20/13",14.75832
"06/21/13",14.7994
"06/24/13",14.65956
"06/25/13",14.76031
"06/26/13",14.91014
"06/27/13",15.02449
"06/28/13",14.9096
"07/01/13",14.97496
"07/02/13",14.93241
"07/03/13",14.98855
"07/05/13",15.13584
"07/08/13",15.22469
"07/09/13",15.30034
"07/10/13",15.29166
"07/11/13",15.46092
"07/12/13",15.4643
"07/15/13",15.48426
"07/16/13",15.45185
"07/17/13",15.47052
"07/18/13",15.54854
"07/19/13",15.54374
"07/22/13",15.54555
"07/23/13",15.56774
"07/24/13",15.54224
"07/25/13",15.55561
"07/26/13",15.55883
"07/29/13",15.52197
"07/30/13",15.52059
"07/31/13",15.49954
"08/01/13",15.62802
"08/02/13",15.65836
"08/05/13",15.61213
"08/06/13",15.51874
"08/07/13",15.47067
"08/08/13",15.49832
"08/09/13",15.42551
"08/12/13",15.41968
"08/13/13",15.45101
"08/14/13",15.33766
"08/15/13",15.11219
"08/16/13",15.08147
"08/19/13",15.01074
"08/20/13",15.00299
"08/21/13",14.89755
"08/22/13",14.96374
"08/23/13",15.01051
"08/26/13",14.94646
"08/27/13",14.77613
"08/28/13",14.82451
"08/29/13",14.84095
"08/30/13",14.81031
"09/03/13",14.83396
"09/04/13",14.93087
"09/05/13",14.93748
"09/06/13",14.9225
"09/09/13",15.06312
"09/10/13",15.19106
"09/11/13",15.3266
"09/12/13",15.30064
"09/13/13",15.37606
"09/16/13",15.49478
"09/17/13",15.52973
"09/18/13",15.67694
"09/19/13",15.63655
"09/20/13",15.45109
"09/23/13",15.40138
"09/24/13",15.33459
"09/25/13",15.27326
"09/26/13",15.3283
"09/27/13",15.25824
"09/30/13",15.12967
"10/01/13",15.1917
"10/02/13",15.13314
"10/03/13",14.99648
"10/04/13",15.07258
"10/07/13",14.93624
"10/08/13",14.77653
"10/09/13",14.80298
"10/10/13",15.12607
"10/11/13",15.23711
"10/14/13",15.30126
"10/15/13",15.16801
"10/16/13",15.37383
"10/17/13",15.37165
"10/18/13",15.39965
"10/21/13",15.3922
"10/22/13",15.46766
"10/23/13",15.41333
"10/24/13",15.50921
"10/25/13",15.57028
"10/28/13",15.56893
"10/29/13",15.68035
"10/30/13",15.61876
"10/31/13",15.54575
"11/01/13",15.61555
"11/04/13",15.63912
"11/05/13",15.61822
"11/06/13",15.74688
"11/07/13",15.59398
"11/08/13",15.76178
"11/11/13",15.7831
"11/12/13",15.75067
"11/13/13",15.82163
"11/14/13",15.87622
"11/15/13",15.9617
"11/18/13",15.97602
"11/19/13",15.96703
"11/20/13",15.90082
"11/21/13",16.00999
"11/22/13",16.06477
"11/25/13",16.07254
"11/26/13",16.0728
"11/27/13",16.09733
"11/29/13",16.08641
"12/02/13",16.00877
"12/03/13",15.91462
"12/04/13",15.88977
"12/05/13",15.82151
"12/06/13",16.0202
"12/09/13",16.02553
"12/10/13",15.97313
"12/11/13",15.84353
"12/12/13",15.73943
"12/13/13",15.75536
"12/16/13",15.88457
"12/17/13",15.87526
"12/18/13",16.16797
"12/19/13",16.17908
"12/20/13",16.22114
"12/23/13",16.29461
"12/24/13",16.35755
"12/26/13",16.47988
"12/27/13",16.47841
"12/30/13",16.50429
"12/31/13",16.57666
"01/02/14",16.44135
"01/03/14",16.46999
"01/06/14",16.4251
"01/07/14",16.53094
"01/08/14",16.46274
"01/09/14",16.44476
"01/10/14",16.43705
"01/13/14",16.25794
"01/14/14",16.37386
"01/15/14",16.48194
"01/16/14",16.41701
"01/17/14",16.45856
"01/21/14",16.41444
"01/22/14",16.37334
"01/23/14",16.19735
"01/24/14",15.87911
"01/27/14",15.83788
"01/28/14",15.92856
"01/29/14",15.73879
"01/30/14",15.84861
"01/31/14",15.69885
"02/03/14",15.3728
"02/04/14",15.44524
"02/05/14",15.44023
"02/06/14",15.62853
"02/07/14",15.79408
"02/10/14",15.80179
"02/11/14",15.99477
"02/12/14",15.96394
"02/13/14",16.02759
"02/14/14",16.15439
"02/18/14",16.1304
"02/19/14",16.04056
"02/20/14",16.13323
"02/21/14",16.1033
"02/24/14",16.20714
"02/25/14",16.17966
"02/26/14",16.19841
"02/27/14",16.27265
"02/28/14",16.32171
"03/03/14",16.16803
"03/04/14",16.39588
"03/05/14",16.36018
"03/06/14",16.42189
"03/07/14",16.45272
"03/10/14",16.41868
"03/11/14",16.35125
"03/12/14",16.34008
"03/13/14",16.10889
"03/14/14",16.06567
"03/17/14",16.24722
"03/18/14",16.33619
"03/19/14",16.22217
"03/20/14",16.33105
"03/21/14",16.30277
"03/24/14",16.27669
"03/25/14",16.36788
"03/26/14",16.26899
"03/27/14",16.26423
"03/28/14",16.32306
"03/31/14",16.45766
"04/01/14",16.53261
"04/02/14",16.573
"04/03/14",16.57255
"04/04/14",16.41271
"04/07/14",16.24587
"04/08/14",16.25614
"04/09/14",16.43718
"04/10/14",16.17022
"04/11/14",16.02675
"04/14/14",16.17324
"04/15/14",16.26256
"04/16/14",16.42485
"04/17/14",16.40854
"04/21/14",16.44925
"04/22/14",16.51437
"04/23/14",16.50165
"04/24/14",16.50165
"04/25/14",16.36146
"04/28/14",16.44874
"04/29/14",16.53537
"04/30/14",16.58084
"05/01/14",16.55887
"05/02/14",16.51289
"05/05/14",16.53055
"05/06/14",16.40102
"05/07/14",16.51854
"05/08/14",16.55097
"05/09/14",16.58334
"05/12/14",16.69547
"05/13/14",16.71544
"05/14/14",16.61397
"05/15/14",16.44681
"05/16/14",16.49131
"05/19/14",16.51186
"05/20/14",16.37431
"05/21/14",16.53306
"05/22/14",16.54308
"05/23/14",16.60627
"05/27/14",16.6755
"05/28/14",16.63318
"05/29/14",16.69874
"05/30/14",16.71717
"06/02/14",16.74363
"06/03/14",16.72234
"06/04/14",16.73753
"06/05/14",16.83611
"06/06/14",16.92428
"06/09/14",16.9431
"06/10/14",16.94592
"06/11/14",16.84388
"06/12/14",16.73419
"06/13/14",16.77574
"06/16/14",16.78101
"06/17/14",16.80849
"06/18/14",16.90662
"06/19/14",16.92146
"06/20/14",16.94708
"06/23/14",16.93726
"06/24/14",16.81813
"06/25/14",16.86751
"06/26/14",16.84613
"06/27/14",16.85184
"06/30/14",16.8266
"07/01/14",16.95607
"07/02/14",16.97624
"07/03/14",17.06826
"07/07/14",17.02421
"07/08/14",16.90662
"07/09/14",16.98561
"07/10/14",16.91507
"07/11/14",16.94381
"07/14/14",17.05542
"07/15/14",17.06068
"07/16/14",17.1382
"07/17/14",16.97681
"07/18/14",17.10018
"07/21/14",17.05173
"07/22/14",17.11354
"07/23/14",17.08663
"07/24/14",17.0838
"07/25/14",16.96057
"07/28/14",16.98259
"07/29/14",16.91211
"07/30/14",16.88036
"07/31/14",16.5633
"08/01/14",16.49337
"08/04/14",16.56928
"08/05/14",16.42947
"08/06/14",16.44334
"08/07/14",16.36827
"08/08/14",16.55393
"08/11/14",16.56998
"08/12/14",16.56054
"08/13/14",16.6518
"08/14/14",16.71358
"08/15/14",16.66291
"08/18/14",16.83874
"08/19/14",16.91959
"08/20/14",16.97913
"08/21/14",17.03949
"08/22/14",17.00122
"08/25/14",17.07687
"08/26/14",17.1067
"08/27/14",17.12201
"08/28/14",17.07957
"08/29/14",17.09845
"09/02/14",17.06756
"09/03/14",17.07828
"09/04/14",17.06958
"09/05/14",17.13736
"09/08/14",17.11142
"09/09/14",17.01387
"09/10/14",17.06871
"09/11/14",17.049
"09/12/14",16.98751
"09/15/14",17.03114
"09/16/14",17.13197
"09/17/14",17.15685
"09/18/14",17.26599
"09/19/14",17.27974
"09/22/14",17.17268
"09/23/14",17.05587
"09/24/14",17.21006
"09/25/14",16.9458
"09/26/14",17.11315
"09/29/14",17.07122
"09/30/14",17.0429
"10/01/14",16.80471
"10/02/14",16.80105
"10/03/14",17.00969
"10/06/14",16.99191
"10/07/14",16.71939
"10/08/14",16.99422
"10/09/14",16.65925
"10/10/14",16.5441
"10/13/14",16.32107
"10/14/14",16.31519
"10/15/14",16.14174
"10/16/14",16.11724
"10/17/14",16.38041
"10/20/14",16.39967
"10/21/14",16.61481
"10/22/14",16.46132
"10/23/14",16.6779
"10/24/14",16.80541
"10/27/14",16.81794
"10/28/14",17.00575
"10/29/14",16.97431
"10/30/14",17.19542
"10/31/14",17.39052
"11/03/14",17.36624
"11/04/14",17.38384
"11/05/14",17.48453
"11/06/14",17.55447
"11/07/14",17.57393
"11/10/14",17.61374
"11/11/14",17.6149
"11/12/14",17.6122
"11/13/14",17.65279
"11/14/14",17.63474
"11/17/14",17.64775
"11/18/14",17.68782
"11/19/14",17.68573
"11/20/14",17.719
"11/21/14",17.81006
"11/24/14",17.8179
"11/25/14",17.81494
"11/26/14",17.82775
"11/28/14",17.82824
"12/01/14",17.7768
"12/02/14",17.87955
"12/03/14",17.91262
"12/04/14",17.9001
"12/05/14",17.95879
"12/08/14",17.85248
"12/09/14",17.8012
"12/10/14",17.53315
"12/11/14",17.59634
"12/12/14",17.28083
"12/15/14",17.18084
"12/16/14",17.06887
"12/17/14",17.35687
"12/18/14",17.77815
"12/19/14",17.8048
"12/22/14",17.95944
"12/23/14",18.02417
"12/24/14",18.03021
"12/26/14",18.05371
"12/29/14",18.03823
"12/30/14",17.98307
"12/31/14",17.82307
"01/02/15",17.83299
"01/05/15",17.50165
"01/06/15",17.37164
"01/07/15",17.58452
"01/08/15",17.90787
"01/09/15",17.73737
"01/12/15",17.64084
"01/13/15",17.61368
"01/14/15",17.42709
"01/15/15",17.32071
"01/16/15",17.51157
"01/20/15",17.51523
"01/21/15",17.55428
"01/22/15",17.81398
"01/23/15",17.6726
"01/26/15",17.6787
"01/27/15",17.38721
"01/28/15",17.19137
"01/29/15",17.41685
"01/30/15",17.16495
"02/02/15",17.36104
"02/03/15",17.6664
"02/04/15",17.67302
"02/05/15",17.88488
"02/06/15",17.82429
"02/09/15",17.72921
"02/10/15",17.86876
"02/11/15",17.86214
"02/12/15",17.97238
"02/13/15",18.01935
"02/17/15",18.04758
"02/18/15",18.02985
"02/19/15",17.98577
"02/20/15",18.14044
"02/23/15",18.11684
"02/24/15",18.20919
"02/25/15",18.22457
"02/26/15",18.21442
"02/27/15",18.1327
"03/02/15",18.28863
"03/03/15",18.20337
"03/04/15",18.0969
"03/05/15",18.13572
"03/06/15",17.85678
"03/09/15",17.99572
"03/10/15",17.66294
"03/11/15",17.63539
"03/12/15",17.89522
"03/13/15",17.74931
"03/16/15",17.97742
"03/17/15",17.84908
"03/18/15",18.07619
"03/19/15",17.95903
"03/20/15",18.12765
"03/23/15",18.11604
"03/24/15",18.01114
"03/25/15",17.71854
"03/26/15",17.67823
"03/27/15",17.71266
"03/30/15",17.97631
"03/31/15",17.77612
"04/01/15",17.69818
"04/02/15",17.76324
"04/06/15",17.88085
"04/07/15",17.87542
"04/08/15",17.90251
"04/09/15",17.95873
"04/10/15",18.05765
"04/13/15",17.97704
"04/14/15",18.0367
"04/15/15",18.11261
"04/16/15",18.10577
"04/17/15",17.8263
"04/20/15",18.03493
"04/21/15",17.94959
"04/22/15",18.03827
"04/23/15",18.05869
"04/24/15",18.08014
"04/27/15",18.03797
"04/28/15",18.11014
"04/29/15",18.03553
"04/30/15",17.84052
"05/01/15",18.02406
"05/04/15",18.0704
"05/05/15",17.9282
"05/06/15",17.84198
"05/07/15",17.92406
"05/08/15",18.19111
"05/11/15",18.10517
"05/12/15",18.06823
"05/13/15",18.06049
"05/14/15",18.25224
"05/15/15",18.27256
"05/18/15",18.29888
"05/19/15",18.31239
"05/20/15",18.2854
"05/21/15",18.28574
"05/22/15",18.23202
"05/26/15",18.04154
"05/27/15",18.16299
"05/28/15",18.12612
"05/29/15",18.01068
"06/01/15",18.04037
"06/02/15",18.01194
"06/03/15",18.07627
"06/04/15",17.90558
"06/05/15",17.84946
"06/08/15",17.76655
"06/09/15",17.76404
"06/10/15",18.0004
"06/11/15",18.03937
"06/12/15",17.89884
"06/15/15",17.79117
"06/16/15",17.90448
"06/17/15",17.93574
"06/18/15",18.11584
"06/19/15",18.01595
"06/22/15",18.11978
"06/23/15",18.14407
"06/24/15",17.96607
"06/25/15",17.89036
"06/26/15",17.94668
"06/29/15",17.59635
"06/30/15",17.61951
"07/01/15",17.75791
"07/02/15",17.73011
"07/06/15",17.68358
"07/07/15",17.77691
"07/08/15",17.51542
"07/09/15",17.54862
"07/10/15",17.76041
"07/13/15",17.97768
"07/14/15",18.05358
"07/15/15",18.05017
"07/16/15",18.12025
"07/17/15",18.08645
"07/20/15",18.10041
"07/21/15",17.91929
"07/22/15",17.85104
"07/23/15",17.73192
"07/24/15",17.56853
"07/27/15",17.44059
"07/28/15",17.63027
"07/29/15",17.75139
"07/30/15",17.74598
"07/31/15",17.68986
"08/03/15",17.5982
"08/04/15",17.55069
"08/05/15",17.54047
"08/06/15",17.41975
"08/07/15",17.37338
"08/10/15",17.61517
"08/11/15",17.40284
"08/12/15",17.40251
"08/13/15",17.40825
"08/14/15",17.4774
"08/17/15",17.54518
"08/18/15",17.51134
"08/19/15",17.34873
"08/20/15",16.99069
"08/21/15",16.45975
"08/24/15",15.87135
"08/25/15",15.66644
"08/26/15",16.28551
"08/27/15",16.65477
"08/28/15",16.64301
"08/31/15",16.52803
"09/01/15",16.05835
"09/02/15",16.35138
"09/03/15",16.37476
"09/04/15",16.10238
"09/08/15",16.49268
"09/09/15",16.25357
"09/10/15",16.3304
"09/11/15",16.43309
"09/14/15",16.37096
"09/15/15",16.59985
"09/16/15",16.73995
"09/17/15",16.67474
"09/18/15",16.38458
"09/21/15",16.51019
"09/22/15",16.33047
"09/23/15",16.27989
"09/24/15",16.20132
"09/25/15",16.31467
"09/28/15",16.00189
"09/29/15",16.04913
"09/30/15",16.2847
"10/01/15",16.27201
"10/02/15",16.47237
"10/05/15",16.77643
"10/06/15",16.79019
"10/07/15",16.91229
"10/08/15",17.05075
"10/09/15",17.08449
"10/12/15",17.13186
"10/13/15",17.08189
"10/14/15",16.92475
"10/15/15",17.14175
"10/16/15",17.21597
"10/19/15",17.23054
"10/20/15",17.21711
"10/21/15",17.16861
"10/22/15",17.48916
"10/23/15",17.6467
"10/26/15",17.62305
"10/27/15",17.58143
"10/28/15",17.77952
"10/29/15",17.7558
"10/30/15",17.66354
"11/02/15",17.82876
"11/03/15",17.91815
"11/04/15",17.86758
"11/05/15",17.86343
"11/06/15",17.91033
"11/09/15",17.73048
"11/10/15",17.75821
"11/11/15",17.70222
"11/12/15",17.44807
"11/13/15",17.24524
"11/16/15",17.48301
"11/17/15",17.4895
"11/18/15",17.73716
"11/19/15",17.73275
"11/20/15",17.82381
"11/23/15",17.79268
"11/24/15",17.81219
"11/25/15",17.81339
"11/27/15",17.79849
"11/30/15",17.71992
"12/01/15",17.88835
"12/02/15",17.72968
"12/03/15",17.47767
"12/04/15",17.84763
"12/07/15",17.73051
"12/08/15",17.568
"12/09/15",17.4923
"12/10/15",17.57475
"12/11/15",17.26521
"12/14/15",17.3685
"12/15/15",17.52491
"12/16/15",17.74909
"12/17/15",17.49584
"12/18/15",17.12855
"12/21/15",17.25162
"12/22/15",17.41727
"12/23/15",17.60261
"12/24/15",17.55217
"12/28/15",17.52827
"12/29/15",17.72098
"12/30/15",17.60387
"12/31/15",17.42503
